[ { "firstName": "Wendy", "lastName": "Kaufman", "age": 25, "code": "foo" }, { "firstName": "Ahmed", "lastName": "Gentry", "age": 26, "code": "foo" }, { "firstName": "Dante", "lastName": "Carlson", "age": 36, "code": "foo" }, { "firstName": "Margaret", "lastName": "Hansen", "age": 27, "code": "wdim" }, { "firstName": "Olga", "lastName": "Fields", "age": 33, "code": "foo" }, { "firstName": "Justin", "lastName": "Gilliam", "age": 19, "code": "foo" }, { "firstName": "Colin", "lastName": "Franks", "age": 36, "code": "foo" }, { "firstName": "Bert", "lastName": "Sims", "age": 30, "code": "foo" }, { "firstName": "Gail", "lastName": "Taylor", "age": 30, "code": "foo" }, { "firstName": "Cynthia", "lastName": "Sullivan", "age": 29, "code": "foo" }, { "firstName": "Alfonso", "lastName": "Foster", "age": 31, "code": "wdim" }, { "firstName": "Murphy", "lastName": "Witt", "age": 22, "code": "foo" }, { "firstName": "Diana", "lastName": "Stephenson", "age": 27, "code": "wdim" }, { "firstName": "Colin", "lastName": "Knight", "age": 22, "code": "foo" }, { "firstName": "Ruby", "lastName": "Wright", "age": 31, "code": "wdim" }, { "firstName": "Selma", "lastName": "Caldwell", "age": 40, "code": "foo" }, { "firstName": "Alexandra", "lastName": "Kinney", "age": 30, "code": "foo" }, { "firstName": "Hasad", "lastName": "Ballard", "age": 34, "code": "foo" }, { "firstName": "Gail", "lastName": "Floyd", "age": 19, "code": "foo" }, { "firstName": "Driscoll", "lastName": "Farrell", "age": 27, "code": "wdim" }, { "firstName": "Camden", "lastName": "Sosa", "age": 25, "code": "foo" }, { "firstName": "Guy", "lastName": "Lambert", "age": 36, "code": "foo" }, { "firstName": "Kadeem", "lastName": "Hammond", "age": 20, "code": "foo" }, { "firstName": "Kane", "lastName": "Blevins", "age": 30, "code": "wdim" }, { "firstName": "Lawrence", "lastName": "Baxter", "age": 36, "code": "wdim" }, { "firstName": "Ayanna", "lastName": "Lambert", "age": 26, "code": "foo" }, { "firstName": "Robin", "lastName": "Hyde", "age": 28, "code": "foo" }, { "firstName": "Pascale", "lastName": "Stokes", "age": 32, "code": "wdim" }, { "firstName": "Paki", "lastName": "Warren", "age": 24, "code": "foo" }, { "firstName": "Jamalia", "lastName": "Bell", "age": 24, "code": "wdim" }, { "firstName": "Ira", "lastName": "Hays", "age": 25, "code": "wdim" }, { "firstName": "Jesse", "lastName": "Shelton", "age": 29, "code": "foo" }, { "firstName": "Tamara", "lastName": "Fernandez", "age": 18, "code": "wdim" }, { "firstName": "Renee", "lastName": "Henson", "age": 27, "code": "wdim" }, { "firstName": "Stone", "lastName": "Shepherd", "age": 33, "code": "wdim" }, { "firstName": "Norman", "lastName": "Gardner", "age": 29, "code": "foo" }, { "firstName": "Donovan", "lastName": "Robbins", "age": 30, "code": "wdim" }, { "firstName": "Scarlet", "lastName": "Solis", "age": 34, "code": "foo" }, { "firstName": "Desirae", "lastName": "Allison", "age": 23, "code": "wdim" }, { "firstName": "Sharon", "lastName": "Payne", "age": 36, "code": "wdim" }, { "firstName": "Zephania", "lastName": "Shaw", "age": 34, "code": "wdim" }, { "firstName": "Davis", "lastName": "Brown", "age": 27, "code": "foo" }, { "firstName": "Walker", "lastName": "Bradley", "age": 35, "code": "wdim" }, { "firstName": "Ifeoma", "lastName": "Dunlap", "age": 20, "code": "wdim" }, { "firstName": "Allegra", "lastName": "Odom", "age": 27, "code": "wdim" }, { "firstName": "Kenneth", "lastName": "Burris", "age": 21, "code": "wdim" }, { "firstName": "Bryar", "lastName": "Gross", "age": 30, "code": "wdim" }, { "firstName": "Austin", "lastName": "Gonzalez", "age": 34, "code": "foo" }, { "firstName": "Charlotte", "lastName": "Holder", "age": 37, "code": "foo" }, { "firstName": "Kennedy", "lastName": "Edwards", "age": 30, "code": "foo" }, { "firstName": "Giselle", "lastName": "Foster", "age": 21, "code": "wdim" }, { "firstName": "Kyla", "lastName": "Elliott", "age": 28, "code": "wdim" }, { "firstName": "Walker", "lastName": "Tate", "age": 28, "code": "foo" }, { "firstName": "Aiko", "lastName": "Mcmillan", "age": 24, "code": "foo" }, { "firstName": "Yasir", "lastName": "Sexton", "age": 21, "code": "foo" }, { "firstName": "Channing", "lastName": "Smith", "age": 21, "code": "foo" }, { "firstName": "Elaine", "lastName": "York", "age": 36, "code": "wdim" }, { "firstName": "Derek", "lastName": "Griffin", "age": 25, "code": "wdim" }, { "firstName": "Melyssa", "lastName": "Huffman", "age": 27, "code": "foo" }, { "firstName": "Octavia", "lastName": "Spence", "age": 36, "code": "wdim" }, { "firstName": "Plato", "lastName": "Fields", "age": 21, "code": "wdim" }, { "firstName": "Tanisha", "lastName": "Holt", "age": 39, "code": "wdim" }, { "firstName": "Dolan", "lastName": "Becker", "age": 39, "code": "foo" }, { "firstName": "Travis", "lastName": "Beasley", "age": 36, "code": "foo" }, { "firstName": "Anastasia", "lastName": "Middleton", "age": 18, "code": "foo" }, { "firstName": "Zelda", "lastName": "George", "age": 39, "code": "wdim" }, { "firstName": "Rebecca", "lastName": "Gamble", "age": 38, "code": "wdim" }, { "firstName": "Chase", "lastName": "Park", "age": 22, "code": "wdim" }, { "firstName": "Zachary", "lastName": "Garcia", "age": 34, "code": "wdim" }, { "firstName": "Priscilla", "lastName": "Morin", "age": 35, "code": "foo" }, { "firstName": "Nevada", "lastName": "Noble", "age": 29, "code": "wdim" }, { "firstName": "Olivia", "lastName": "Foster", "age": 36, "code": "wdim" }, { "firstName": "Uta", "lastName": "Shelton", "age": 20, "code": "wdim" }, { "firstName": "Castor", "lastName": "Armstrong", "age": 31, "code": "wdim" }, { "firstName": "Garth", "lastName": "Huff", "age": 28, "code": "wdim" }, { "firstName": "Camille", "lastName": "Morrow", "age": 28, "code": "foo" }, { "firstName": "Xenos", "lastName": "Contreras", "age": 18, "code": "wdim" }, { "firstName": "Sebastian", "lastName": "Richmond", "age": 35, "code": "wdim" }, { "firstName": "Irene", "lastName": "Donaldson", "age": 21, "code": "foo" }, { "firstName": "Kieran", "lastName": "Whitley", "age": 39, "code": "foo" }, { "firstName": "Ria", "lastName": "Ballard", "age": 27, "code": "wdim" }, { "firstName": "Anastasia", "lastName": "Whitley", "age": 39, "code": "foo" }, { "firstName": "Ifeoma", "lastName": "Hendrix", "age": 39, "code": "wdim" }, { "firstName": "Anika", "lastName": "Hays", "age": 34, "code": "foo" }, { "firstName": "Lilah", "lastName": "Price", "age": 35, "code": "foo" }, { "firstName": "Kai", "lastName": "Lawson", "age": 40, "code": "wdim" }, { "firstName": "Quintessa", "lastName": "Calderon", "age": 20, "code": "foo" }, { "firstName": "Bell", "lastName": "Beck", "age": 36, "code": "wdim" }, { "firstName": "Barry", "lastName": "Cole", "age": 38, "code": "foo" }, { "firstName": "Calvin", "lastName": "Sampson", "age": 30, "code": "wdim" }, { "firstName": "Conan", "lastName": "Hurst", "age": 21, "code": "foo" }, { "firstName": "Sonia", "lastName": "Stanley", "age": 24, "code": "foo" }, { "firstName": "Louis", "lastName": "Bennett", "age": 38, "code": "foo" }, { "firstName": "Leilani", "lastName": "Strickland", "age": 19, "code": "foo" }, { "firstName": "Adria", "lastName": "Clayton", "age": 33, "code": "foo" }, { "firstName": "Damian", "lastName": "James", "age": 18, "code": "foo" }, { "firstName": "Maya", "lastName": "Strickland", "age": 28, "code": "wdim" }, { "firstName": "Nash", "lastName": "Acosta", "age": 26, "code": "wdim" }, { "firstName": "Jaquelyn", "lastName": "Leblanc", "age": 22, "code": "foo" }, { "firstName": "Hedley", "lastName": "Joyner", "age": 36, "code": "foo" } ]